Date,CVX,XOM,IBM,GE,MSFT,MMM,WMT,BA,VZ,UNH,AAPL,TRV,MCD,KO,JPM,HD,NKE,DIS,JNJ,PFE,UTX,CSCO,DD,MRK,PG,AXP,CAT,INTC,GS
2005-01-31,,,,,,,,,,,,,,,,,,,,,,,,,,,,,
2005-02-28,,,,,,,,,,,,,,,,,,,,,,,,,,,,,
2005-03-31,,,,,,,,,,,,,,,,,,,,,,,,,,,,,
2005-04-29,,,,,,,,,,,,,,,,,,,,,,,,,,,,,
2005-05-31,,,,,,,,,,,,,,,,,,,,,,,,,,,,,
2005-06-30,,,,,,,,,,,,,,,,,,,,,,,,,,,,,
2005-07-29,,,,,,,,,,,,,,,,,,,,,,,,,,,,,
2005-08-31,,,,,,,,,,,,,,,,,,,,,,,,,,,,,
2005-09-30,,,,,,,,,,,,,,,,,,,,,,,,,,,,,
2005-10-31,,,,,,,,,,,,,,,,,,,,,,,,,,,,,
2005-11-30,,,,,,,,,,,,,,,,,,,,,,,,,,,,,
2005-12-30,,,,,,,,,,,,,,,,,,,,,,,,,,,,,
2006-01-31,,,,,,,,,,,,,,,,,,,,,,,,,,,,,
2006-02-28,1.11088133601,1.35182179105,0.840676507902,0.863258570183,0.85141785471,0.856695952376,0.79870148996,0.878330657671,0.692664148401,0.903166335557,1.90939915969,0.98384238729,1.03281535083,0.685152892304,0.917893937081,1.28901510085,0.8465953363,0.838645286252,0.544535399604,0.874367599768,1.00018872546,0.958856900623,0.990935094559,0.623551033853,0.783826252543,1.02922804108,1.44378846524,1.10709363339,1.21438616907
2006-03-31,1.15447302747,1.36404091285,0.87864937564,0.823214830322,0.82812589179,0.88459823899,0.80214963378,0.868934935098,0.706022459133,0.943908208408,1.98466606395,0.978074192267,0.959617668724,0.678340748313,0.894653186359,1.28269955916,0.830187264493,0.826173058707,0.523256098039,0.796707911892,0.989314755422,1.04225121612,0.96777551273,0.634739688611,0.686606842647,0.996971878966,1.44399941859,1.07838281483,1.24852300151
2006-04-28,1.16015486455,1.31550952675,0.749728814028,0.860896799855,0.765710772494,0.82764346464,0.839459462423,0.81113663858,0.711691700898,0.897147295998,1.7051289349,0.97247471784,1.0069891309,0.681149999326,0.931560968656,1.25916863714,0.718622790342,0.764293028117,0.565897731788,0.896306437498,0.99835428348,1.0235663847,0.861719420365,0.739946454961,0.670604163683,1.08203503158,1.49064752243,1.06764317121,1.30041691177
2006-05-31,1.19707641404,1.27235947919,0.658192256263,0.795750799185,0.750018699622,0.734116886563,0.882141292466,0.875721269994,0.791075650702,0.857725933697,1.64444045935,0.939472040582,0.961502137241,0.685995547358,0.9579304072,1.17098647599,0.620139026906,0.742843738135,0.534152955794,0.890557164507,0.910118985071,1.02080031823,0.809094365893,0.852852242995,0.68337840336,1.07839040288,1.46448808586,1.10999088669,1.40832285859
2006-06-30,1.15238958356,1.22824762297,0.561512046079,0.715362588886,0.740837628387,0.749383180137,0.781557109763,0.933980733039,0.787808192806,0.800839441111,1.5944842361,0.932781677324,1.01943597378,0.611019671806,1.01922027837,1.03874005919,0.572002857114,0.720636419661,0.488216278252,0.859205987518,0.894704627611,1.08949276741,0.84309527871,0.808012255977,0.608939475181,1.07602704346,1.47827880094,1.06270946388,1.49585328899
2006-07-31,1.03069224789,1.10538871673,0.603495973466,0.699721958222,0.763826023093,0.707633154509,0.821884040435,1.08806561411,0.824006141532,0.814813746346,1.43769914481,0.9392061958,0.992649830681,0.559800934107,1.11834067752,1.01725699632,0.501825989661,0.766851995677,0.419206936609,0.874914897767,0.960950739387,1.09241147668,0.831455147513,0.774677297994,0.619713607534,1.07075922922,1.45626553379,1.15665577252,1.53035149067
2006-08-31,0.976740708662,1.02703663632,0.608681975999,0.698365467248,0.733288281415,0.7305218032,0.800386801558,1.05897300523,0.833044517768,0.759983475094,1.48991499477,0.953136906405,0.998572284926,0.531128334371,1.12094013791,1.03701411922,0.478432159845,0.786322470809,0.387235809097,0.846132392708,0.974702506671,1.05297220736,0.848732455933,0.740193828895,0.628778749728,1.05989897067,1.47463227698,1.15629579843,1.49775007831
2006-09-29,0.959290046253,1.00274637669,0.619163329502,0.689010145896,0.7478670181,0.746360649515,0.792976273102,1.0718354944,0.810205935007,0.727645663292,1.48446278152,0.9711555026,0.926380319351,0.520253972151,1.09351664341,1.04653586747,0.483185340374,0.797334867558,0.359180171107,0.837607591759,0.996957204564,1.06721098342,0.853026383214,0.713669015171,0.595687350245,1.01403549404,1.51555507055,1.25622326009,1.51286803904
2006-10-31,0.821179075277,0.913482824102,0.705434985921,0.695500333556,0.736086454223,0.773902366971,0.824805546286,1.09519250255,0.829932792474,0.624023182941,1.57620562227,1.00766754114,0.832297381642,0.533941501187,1.14290464724,1.06042776796,0.533659811531,0.793269571726,0.305326873066,0.83107273619,0.97994771887,1.15983733975,0.889995538344,0.750824378221,0.57381363413,0.950300450766,1.53059538954,1.40984707661,1.54653503151
2006-11-30,0.809244993319,0.901183016416,0.741254638811,0.691385539368,0.718552308896,0.792249142557,0.803187688963,1.15248403792,0.862295166974,0.6490697254,1.539994881,0.953978636793,0.863887990585,0.556153439379,1.15761679213,1.04122284524,0.490805619059,0.788880713862,0.374002843028,0.840776887199,1.02663567658,1.21885056046,0.879280199228,0.732527331493,0.570393927404,0.960520126842,1.49897702397,1.42008198294,1.57820962764
2006-12-29,0.802537029957,0.89903697961,0.781791340474,0.691206138756,0.755435044042,0.776156565444,0.815580496511,1.11906523591,0.875203503874,0.600493002356,1.51583455096,0.949341675453,0.798102537334,0.573166596411,1.18209692275,1.04682645123,0.470482300822,0.815449841715,0.384290031213,0.760554065478,0.995642926685,1.24601508388,0.885521711471,0.792270031572,0.554572643764,0.972977522256,1.45529030269,1.40112152993,1.60780158272
2007-01-31,0.808938108664,0.853797685396,0.767871527496,0.637937757915,0.747750519083,0.745784610927,0.834072087919,1.16553545226,0.872754554739,0.62679839036,1.50899168986,0.863937192901,0.883201350724,0.520877063687,1.15806763216,1.04821884306,0.519159969312,0.782628306116,0.34582261815,0.699103772697,1.02262782295,1.24836262168,0.929632208088,0.762708007605,0.536447853095,0.972815819849,1.41732603702,1.37745635935,1.67965953611
2007-02-28,0.85805049427,0.919094475362,0.762427077487,0.631826816445,0.788863028318,0.736584368328,0.85685109165,1.11976111611,0.902383194731,0.654684872904,1.42307654548,0.870113102484,0.886631090681,0.529148380489,1.14665137377,0.972907827268,0.580302038071,0.95834893699,0.350320833742,0.668182657889,1.02931045529,1.26432083548,0.954074481811,0.74101047183,0.630685948191,0.977438103584,1.36812880096,1.38922673805,1.78395698623
2007-03-30,0.850290429632,0.90093442712,0.761839050277,0.629446907033,0.844648056588,0.691975085081,0.883762414995,1.06426120329,0.908603780957,0.617206567433,1.30807460909,0.873352765582,0.902536567181,0.53121769476,1.21712127892,0.969655188968,0.610395511276,0.969041400137,0.34932294264,0.701071046679,1.01738404038,1.23064177881,0.982869433818,0.739811853085,0.648202364445,1.05102571879,1.30374379336,1.37506381002,1.77128398729
2007-04-30,0.852839702472,0.92367519379,0.750221404007,0.613933091784,0.844949582711,0.663702135668,0.912140160135,1.06014252884,0.88168485108,0.675547125552,1.2659318439,0.836350905395,0.919172696292,0.527947557526,1.21038316959,0.983212105837,0.601436516858,0.98393978782,0.351889390447,0.68362643135,0.991689606499,1.22101304919,0.998315464537,0.752080984886,0.629257960263,1.06763867361,1.29279482512,1.39457611452,1.79463288937
2007-05-31,0.83066923636,0.90219570115,0.784680467727,0.629281186105,0.838967797498,0.683134767584,0.841533764634,1.0144859457,0.865406800547,0.699792140131,1.2297756758,0.850891773398,0.929843982538,0.52890968088,1.17260119427,0.942032335414,0.621997714426,1.0002168008,0.398785825681,0.650873696785,1.00405221476,1.26659606,1.02068601534,0.723774217043,0.606776919994,1.07691460162,1.280228882,1.40232250924,1.73293679838
2007-06-29,0.824899564221,0.929514174734,0.858172236221,0.682357294363,0.947972855775,0.694277432757,0.912203723526,0.922091026025,0.864723799219,0.700648954805,1.1065219132,0.837681383435,0.884570931381,0.573299363237,1.2167704544,0.912305011381,0.724806920208,1.06910322114,0.446242785051,0.693054958789,1.02617840165,1.23600451813,0.992937833512,0.741180168897,0.659780522615,1.1130718742,1.16296262022,1.48746095134,1.71224704667
2007-07-31,1.02680837901,1.11912900061,0.785000515532,0.753363725663,0.96723615275,0.637212502141,0.868107356944,0.783628818101,0.754316655657,0.71011234764,0.973367154864,0.909301197815,0.882527862882,0.608212712565,1.18242546565,0.900828992138,0.856048008872,1.01923021653,0.493003255603,0.672077878681,0.897662235368,1.19748497279,1.10376346371,0.835381587569,0.61671477766,1.28943391475,1.05378867452,1.37584804646,1.70903454581
2007-08-31,1.10813880682,1.21399108905,0.715716616359,0.870210840405,0.941608717889,0.608928941623,0.933535994309,0.813562879,0.741362838897,0.666438801949,1.16412929692,1.04122365516,0.734762040667,0.566498943187,1.18730870459,0.993338317278,0.866654634242,0.960037860635,0.496355706968,0.701998094503,0.877101550166,1.14092613247,0.944951924029,0.835680310937,0.572126439131,1.4045809203,0.940820244501,1.26896511162,1.72129644462
2007-09-28,1.11236202754,1.21978635064,0.689474468696,0.892449959297,0.904763684604,0.626557282894,0.924479765867,0.743514954928,0.774460247618,0.63177747984,1.11655696432,1.07939860386,0.732314778711,0.583550520623,1.24921789089,0.938832821791,0.897602743305,0.953022812378,0.490573958947,0.717048579303,0.869040534458,1.05570314849,0.938502098945,0.839976556367,0.573268815885,1.43895935576,0.964000787645,1.18877404365,1.72662763858
2007-10-31,1.10459441258,1.18888373223,0.689635780896,0.893329017573,0.965986787432,0.713223393135,0.880675499979,0.755052858838,0.801176756468,0.660372247847,1.10367204568,1.04268877597,0.719969330855,0.574607120041,1.25056266185,0.942960414246,0.861891240518,0.972879354324,0.499342446174,0.729606659969,0.859478792164,1.06855407377,0.944889587636,0.84731636907,0.562095148803,1.46060159571,0.991023295194,1.15171799535,1.78358872627
2007-11-30,1.12124104881,1.1980071081,0.759330904295,0.907468024061,0.927967762221,0.748918457049,0.893692737264,0.700119594434,0.807977818622,0.532526276746,1.19875081618,1.00286082193,0.643530643035,0.556310532796,1.39364919731,1.00594579962,0.869251986812,0.993253915971,0.423343093316,0.777997921767,0.832478015016,1.08524001352,0.912491998674,0.779044011737,0.532836921494,1.50528004712,0.969645207445,1.12258776341,1.78017814165
2007-12-31,1.11967672715,1.17543900456,0.777668305597,0.914839498073,0.950095499041,0.762749274036,0.855573646005,0.729154498802,0.819565889128,0.558053832235,1.2282336836,1.03370529998,0.604823132501,0.542024079994,1.37658119646,1.02507744174,0.8654621868,0.945279571661,0.402084595076,0.82573632749,0.874652033601,1.05571047433,0.936513832529,0.753626998178,0.521443869579,1.49200827612,0.995750864066,1.14896842323,1.74419954352
2008-01-31,1.07500144233,1.13155338307,0.845604333589,0.930956725418,0.91216455092,0.774188810218,0.813444700211,0.724393485164,0.848979339591,0.543503986651,1.19056090281,1.07697581536,0.616950563452,0.564681378268,1.44025083566,1.02300455961,0.886032331905,0.937519197346,0.37676970777,0.798818438704,0.895094305862,1.05848192614,0.971116380494,0.747187052834,0.513132062111,1.5522981635,1.0130473063,1.28622131261,1.65846509583
2008-02-29,1.06089159442,1.11602053912,0.86693485722,0.951274600869,0.862226959338,0.789359160224,0.798345226163,0.720805592852,0.846555299832,0.517312731662,1.13067292221,1.10917419767,0.595550451758,0.560516105982,1.47267486903,1.09307834163,0.883867271067,0.871038054836,0.3692294477,0.783449667906,0.890179609084,1.02627685927,0.948746474036,0.753568502619,0.474228714082,1.58401381919,1.01796650644,1.29677386919,1.59665295881
2008-03-31,1.03708980044,1.0971349706,0.812300617223,0.990035430543,0.856087135865,0.771688457749,0.767105975935,0.687859865569,0.815352010119,0.388481828325,1.14616803001,1.10690525952,0.554081327215,0.537713665476,1.44735079763,1.16796532025,0.91987036445,0.841203562531,0.362040715965,0.752908265024,0.870794521239,1.04905257848,0.969581951372,0.70464781589,0.457066577808,1.63456142559,1.01304462056,1.28775334021,1.73602952958
2008-04-30,0.979837811026,1.05266445874,0.793475811142,1.05647230703,0.870539393994,0.783994317156,0.735543648384,0.67941485176,0.821464107126,0.421404850877,1.19781125724,1.10854320433,0.561996533648,0.507838991199,1.50870818988,1.17074729266,0.898546509167,0.838447286072,0.353513210833,0.756562939223,0.898270738602,1.05452606218,0.966924670179,0.676800762421,0.433223578583,1.65259755314,1.0342083042,1.3065760232,1.74042860724
2008-05-30,0.942727945432,1.01083541744,0.794684478174,1.05522460516,0.893180930193,0.797756756341,0.735088672211,0.696645284493,0.831504660092,0.406658597525,1.20513171885,1.12181592521,0.578931753616,0.502891489697,1.53017887818,1.19775400857,0.910173987344,0.83258792339,0.353674717643,0.745361558186,0.916114232429,1.08151053434,0.961218116113,0.67145891182,0.445992036991,1.69108056045,1.02768029677,1.3214166556,1.73591420768
2008-06-30,0.900456007448,0.974314372595,0.807399602917,1.06971168807,0.915728401916,0.801160160318,0.751866534626,0.697476897387,0.880896662994,0.414561065244,1.23339468244,1.13639350681,0.606350419031,0.487031055164,1.53578779309,1.23766944311,0.966881988966,0.846741405897,0.360807343675,0.756179866387,0.925916446789,1.10022285308,0.967141271622,0.679185868826,0.460720533722,1.72878349733,1.01904302495,1.33571905589,1.7379453787
2008-07-31,0.820213931457,0.895031892873,0.801285087157,1.10822868613,0.92698984692,0.812504474897,0.759913461211,0.758723842204,0.856504758267,0.455502575268,1.29309799022,1.1692117521,0.589067297531,0.445892262948,1.72652244659,1.28605996665,0.950902918337,0.849309389247,0.323598994264,0.787976562398,0.947886750286,1.08960538023,0.950480599845,0.579487750786,0.447473924273,1.74492138426,1.04374809412,1.31092268151,1.78051133543
2008-08-29,0.764461995057,0.848383345204,0.79507414054,1.11183086834,0.93140997557,0.859610492424,0.7546311119,0.794103678639,0.899599631681,0.52777349657,1.22292284723,1.13918893064,0.642827341515,0.457629897894,1.81540915793,1.32687570992,0.982337852435,0.868570781249,0.317644689482,0.798760177687,0.978623530382,1.11570686233,1.02663872654,0.594133285523,0.463727059811,1.78013845411,1.07867231642,1.29795486271,1.74249308109
2008-09-30,0.868698713859,0.856704666955,0.749041535101,1.21212724913,0.87760388667,0.758249577837,0.631756112159,0.757342574924,0.845328673216,0.945408240246,1.36012044642,1.50130163295,0.577282963416,0.413192510994,2.09397128349,1.16335257486,0.861980251094,0.855922398498,0.336979961768,0.80128597987,0.91977964405,1.11681329205,0.908618947745,0.59772197804,0.432328948979,1.86477542613,0.949731557019,1.2015491073,1.71551074893
2008-10-31,1.16869082925,1.10740242992,0.732473864837,0.940856440838,0.944984685521,0.73683552058,0.717840501763,0.935140674622,0.852961495168,1.23999862667,1.08537806887,1.23321836932,0.670688376245,0.596598556467,1.49003076695,1.03322640385,0.916551696054,1.03617684136,0.540260334784,0.798678512743,0.999813956343,1.11011815904,0.99230614838,0.833201736786,0.602613684996,1.55138850515,0.989858208871,1.08298223308,1.40205411655
2008-11-28,1.18704216438,1.08541505997,0.743210676221,1.03207115326,0.965400014597,0.753457928238,0.652748546129,0.891338286127,0.867512842304,1.22571237223,1.05152136218,1.24308648224,0.640666454826,0.598642749391,1.4692808885,1.06731512052,0.924610686518,1.05944129001,0.585397709482,0.809296262433,1.00614572318,1.0641605747,1.03998295491,0.84580348107,0.60683559865,1.49362296455,1.03170377671,1.05347626503,1.42472216342
2008-12-31,1.1475891755,1.04973545904,0.751438579929,1.07599344416,0.966782529963,0.72705560878,0.620993309779,0.899336608132,0.852418868137,1.14013600546,0.997591474769,1.29115088857,0.624700216876,0.600496121116,1.54895152676,1.03180513523,0.929954431448,1.08134312168,0.585814509652,0.80646928328,0.954092532848,1.06598147679,1.05159591404,0.869388419172,0.609208029798,1.51397708293,1.05373307751,1.05877010253,1.4532828001
2009-01-30,1.14347739243,1.02616507611,0.76265604015,1.08003837387,0.993806459618,0.716768805872,0.58849340268,0.900475278447,0.820658532524,1.1398125441,0.997246068098,1.28152209892,0.624611557333,0.587444478748,1.62208539868,1.02964452885,0.935925550791,1.09444623379,0.570929164518,0.778946697788,0.925310096622,1.07251945362,1.07132208144,0.833701601724,0.599630769963,1.51954813826,1.0495371002,1.04603721922,1.53358142915
2009-02-27,1.14281273989,1.02286078738,0.756538315946,1.08837463791,0.997313718762,0.727060405686,0.576354296819,0.916813872033,0.816462618491,1.16693273402,1.00459981665,1.27013459303,0.616193319015,0.595008503293,1.64496829567,1.0392479831,0.938161401939,1.0940511324,0.576304835424,0.785110892306,0.921540625959,1.07727672769,1.08243982449,0.840363897066,0.600263067235,1.55792462849,1.05490126602,1.04798553438,1.57063876943
2009-03-31,1.12904822135,1.00145770856,0.754348935625,1.16462566933,0.999861496071,0.77370892228,0.559443071341,0.938715658548,0.810806607684,1.23747931625,0.979810284584,1.24388880116,0.616784296253,0.586868294072,1.79280394961,1.0172260129,0.944050051408,1.11066217424,0.568927179679,0.784440628658,0.930338268715,1.07354952782,1.10927974072,0.857613009454,0.60288680074,1.6303359598,1.11824479961,1.06007997163,1.56556445586
2009-04-30,1.12023544756,0.985330652319,0.744922693881,1.17596339216,0.992940656154,0.778700646859,0.544264483445,0.950852138484,0.79723928153,1.17800375042,0.958843542961,1.23472852396,0.606541949849,0.577107982311,1.82548309497,1.0094928134,0.952897650182,1.12716632312,0.55481238978,0.764573892176,0.935547328395,1.074640608,1.13850835508,0.833940302965,0.611484401182,1.7022009319,1.14149168,1.04230238239,1.56448507384
2009-05-29,1.11103224666,0.978286005271,0.737040747006,1.18474505275,0.974116447742,0.781837298577,0.539306163062,0.9573595436,0.787206373096,1.15720872875,0.957687664943,1.22175696366,0.600531184543,0.575703150176,1.85137191252,0.996528640383,0.955280585936,1.13429230693,0.547848166608,0.754980250199,0.938507689753,1.05853150349,1.14241473727,0.812093647611,0.614158543562,1.72545856635,1.15231557098,1.02267902953,1.5646090965
2009-06-30,1.12073686404,0.981328647114,0.727968332609,1.18470664831,0.961699838763,0.784040080076,0.526061044646,0.966015623971,0.766864230624,1.1599296468,0.94898277718,1.21133834384,0.592605041406,0.577356395314,1.84136144843,0.988118944135,0.932837310618,1.13535713942,0.54619038812,0.747778154654,0.938063303098,1.05366496406,1.15120279793,0.816089843464,0.613844239007,1.71779392486,1.16558357289,1.01423382812,1.55055181988
2009-07-31,1.1350440725,0.991609223168,0.736898836774,1.19193963506,0.962631547368,0.791791024058,0.510944133042,0.959370831389,0.77226637683,1.14947572416,0.941536582898,1.20086691148,0.57811235404,0.584198745752,1.80164567688,0.975501296057,0.927498509222,1.14835073434,0.554811613881,0.742970537808,0.938995279705,1.05592612797,1.16865555519,0.835167658734,0.617564365666,1.71757087061,1.18687973038,1.0169400635,1.53598354765
2009-08-31,1.14024480159,0.990032728072,0.740594499132,1.19385319384,0.963864747505,0.786254209575,0.498232881421,0.951777315411,0.766763472566,1.13233816429,0.942844500905,1.20399399962,0.565649518467,0.576801840279,1.79306301393,0.968340128491,0.919514425476,1.15122940383,0.553966538037,0.73623130196,0.933352302056,1.05419296443,1.16347383395,0.831843998909,0.610508610574,1.70774395754,1.19456027716,1.01753166642,1.53155984515
2009-09-30,1.14924552226,0.998556600388,0.741519382751,1.19628929958,0.993135007363,0.809510924599,0.504320404417,0.984262861229,0.766542093301,1.10731053899,0.870494242609,1.13240211295,0.57314426988,0.601352077743,1.71767195651,0.978141834979,0.944040010786,1.18253552291,0.575721518827,0.729326284302,0.946108729611,1.04853193436,1.21491913794,0.852874249276,0.644070073676,1.67718758911,1.23979813336,1.0233809601,1.50821958822
2009-10-30,0.995403241677,0.823230351387,0.758888529,1.41222840181,0.930059770727,0.845046160927,0.368758033017,0.931153691793,0.688595946188,0.860229071656,0.887132596036,1.13687015661,0.480474010327,0.500972627926,2.09984006504,1.02826507498,0.950206307313,1.17113511121,0.484797406994,0.708119831207,0.885429714458,1.01645749331,1.28898308886,0.747464914581,0.58710457383,1.8722377225,1.35459658038,1.04769708046,1.66078263571
2009-11-30,0.903008419748,0.763046661865,0.730492987283,1.45870558456,0.91210945729,0.858449685329,0.329942086388,1.01921163838,0.623927450345,0.763359421073,0.840331991508,1.10513193287,0.474302255906,0.470484095083,2.31198496825,0.961588162566,0.940832631636,1.17928952952,0.414194445817,0.648549610971,0.843675154576,1.05954662554,1.34987993606,0.68372269863,0.578718638851,2.07620524927,1.44608257717,1.0664723618,1.7326924254
2009-12-31,0.909423222538,0.752884223677,0.697085044971,1.47395414162,0.8891082619,0.94055151516,0.316281062193,1.04127364561,0.59119953283,0.852745740233,0.875818578133,0.972155719847,0.485891978478,0.449054155058,2.35482049575,0.998066541426,0.935560690654,1.17821784813,0.384293375643,0.621606542555,0.91246601998,1.0673074041,1.39611452929,0.616584389431,0.576676934021,2.17643353681,1.50435968873,1.04422092665,1.73655316129
2010-01-29,0.899281613484,0.762472695375,0.645163726902,1.52228691834,0.831409650654,0.982960523494,0.347477880489,1.06631061567,0.611664836003,0.876863378733,0.906047127226,0.92643749966,0.457160859236,0.451949023466,2.26393404427,0.995291258547,0.899802616961,1.16378541626,0.411710503541,0.68866312851,0.967610549714,1.08548209925,1.38890301188,0.675088741105,0.597403536919,2.227711798,1.59143215795,1.03841272767,1.59090550321
2010-02-26,0.892696180658,0.760144567617,0.601924956706,1.54169245123,0.828270705271,0.990134043801,0.332177651182,1.07439070939,0.578372406424,0.811698347803,0.887997862997,0.907470815039,0.454866219524,0.430010210029,2.2733131701,0.903243060044,0.873657342694,1.16358164881,0.40343394794,0.665179135008,0.974870294509,1.01992739454,1.39007480553,0.701423965971,0.598464579256,2.20023972761,1.63166314102,1.00663842146,1.49254416083
2010-03-31,0.853498444941,0.705484933491,0.623056481437,1.40379699952,0.743018163,0.93132165447,0.278678261371,1.11823017792,0.502077519936,0.429822703467,0.934363915,0.871149479834,0.392454150133,0.39314550131,1.96028052756,0.874475651038,0.799327790549,1.18203926187,0.354156707671,0.628624437642,0.986650497601,1.01894799884,1.44827777102,0.528860541185,0.592249829294,2.12278477546,1.67550432933,0.935765851232,1.35613070034
2010-04-30,0.902576590311,0.750892090861,0.643419532762,1.35689795904,0.688956812898,0.902189804343,0.283244766427,1.11531882809,0.478827250193,0.631621012807,0.993510335036,0.822295127612,0.393338589008,0.426898842685,1.74387133731,0.867435864394,0.742816350119,1.10919341349,0.408186393586,0.703719013159,0.946138574026,0.980983901532,1.36491439623,0.646243512379,0.563764588783,1.80580201939,1.66285557024,0.965108690729,1.33981088728
2010-05-28,0.953349405758,0.781533227985,0.706714223118,1.37260989164,0.780673780594,0.900175026761,0.290509277722,1.15607570254,0.474161184396,0.668306756968,1.04973866482,0.775843013529,0.441503246683,0.465599970944,1.41259329855,0.877230167899,0.795369292928,1.08526959873,0.457580459471,0.758736610087,0.927952434189,1.08828209389,1.34193729065,0.754072630523,0.537470322875,1.58116109779,1.6397741099,1.08026161965,1.15336998129
2010-06-30,0.933243870264,0.786492021801,0.73138829496,1.33307614452,0.828172865333,0.858404780436,0.309334941658,1.16905964931,0.512009377953,0.644119482878,1.04822154304,0.780308887035,0.456412945428,0.464488720346,1.39375150717,0.893640065523,0.864401613217,1.08020370204,0.428528402681,0.778157876582,0.944044596272,1.03008393037,1.28731771349,0.711732525158,0.49672228952,1.57333166218,1.64628374735,1.09485332014,1.07914747518
2010-07-30,0.91480707659,0.759255990174,0.691803441297,1.31619641543,0.789017850884,0.844534614405,0.337220523633,1.20879400784,0.476566240552,0.634348122677,1.02274079791,0.719702153524,0.53070802059,0.451115455735,1.38362521409,0.912259587853,0.898879806188,1.05247451911,0.420869560677,0.750988835857,0.938828568272,1.05252034533,1.22465061388,0.676050687313,0.496837666795,1.53114856795,1.53412024847,1.0605260073,0.983011647211
2010-08-31,0.92150536003,0.777682792639,0.693732773257,1.26941134544,0.773300742928,0.859095803978,0.35109484759,1.23538876001,0.462963075773,0.723471461287,0.999791242289,0.684820043181,0.544861886867,0.492030200239,1.34439911972,0.896609266508,0.904862338698,1.0299655596,0.43602001806,0.777736764017,0.948262926319,1.06951152128,1.22685865009,0.683930289272,0.495619963023,1.49700818001,1.49953442675,1.10268938534,0.972219788634
2010-09-30,0.922083942363,0.776421971624,0.718073279079,1.21615645667,0.783598922885,0.869517411949,0.376857402227,1.23107193806,0.472788467532,0.71073231006,0.988040174577,0.713219355644,0.544320729629,0.509921912679,1.34000071218,0.914074772729,0.910638612035,1.01731538874,0.450705128403,0.787677536728,0.963681127565,1.04376641001,1.19968228443,0.677353468407,0.480362470862,1.4675229845,1.4699457388,1.1134599391,0.965261430539
2010-10-29,0.932879831815,0.783814282279,0.730741176962,1.19939549554,0.839046349451,0.86404819226,0.388320108442,1.25210765882,0.515997909228,0.739416041953,1.0365505363,0.721300749304,0.552045818067,0.529708184122,1.28694782647,0.896470726389,0.909665687728,1.01985519407,0.448256699086,0.788930753454,0.973297635623,1.04839073885,1.17500472384,0.676200682014,0.491746995881,1.43847497368,1.44990294075,1.08437658745,0.926137897902
2010-11-30,0.954660211596,0.785944786134,0.749030981929,1.18062628773,0.855975830781,0.871640688408,0.379833865136,1.25748536897,0.514205107781,0.732628726657,1.03023569601,0.701088472911,0.556304422631,0.535900022826,1.27539868801,0.865069451829,0.907052381912,0.984289884505,0.46798026441,0.766676534338,0.958752212771,1.07584269572,1.15821276741,0.730516658286,0.450813839971,1.39985620148,1.43173051194,1.07848839921,0.899463897761
2010-12-31,0.961064462235,0.803550689171,0.752090034767,1.21224370747,0.864541176702,0.861156705405,0.378053317399,1.26019179805,0.520225457019,0.738633413601,1.02884600784,0.687791599466,0.543230130093,0.529753194041,1.28280490593,0.884864098347,0.904425272663,0.973338637943,0.469239155933,0.756729280723,0.968421648456,1.05572010018,1.15675990414,0.724861111004,0.451474024191,1.38446727294,1.428468091,1.05691204907,0.898445458279
2011-01-31,0.954536544626,0.815456178785,0.722201199157,1.21636471011,0.850966017335,0.865191898987,0.381484767875,1.24593702953,0.517027993055,0.712696956956,0.980436167533,0.70795265839,0.558449579753,0.52765820116,1.26120462605,0.920263746461,0.93990979117,0.984696327744,0.455829851016,0.724155065572,0.960152941781,1.02915911502,1.1459769082,0.679075867115,0.447817819513,1.37157096747,1.38563380606,1.00818353424,0.890193154238
2011-02-28,0.905264301843,0.786945029973,0.722663790821,1.22191043814,0.837046481245,0.854934807753,0.384490107607,1.2353407358,0.511546609552,0.689731392163,0.983140948015,0.686682745861,0.545366626845,0.492488942384,1.25690797783,0.924177721636,0.947462636217,0.995046728248,0.449122982025,0.732602872862,0.960047980209,1.05451822686,1.16096251932,0.649114873436,0.417638197408,1.36827718595,1.36900759502,0.994068997713,0.871030405874
2011-03-31,0.913641992934,0.807419587139,0.759037838765,1.25043317092,0.848224914426,0.877706915622,0.376875107525,1.22923596254,0.535454838294,0.7319001632,0.986980982877,0.684056617656,0.545011321418,0.505166169614,1.25238440747,0.945748625363,0.913437035246,1.01215781973,0.458868475612,0.73235597914,0.979307776196,1.02490151807,1.17333470409,0.659013736373,0.431167211841,1.35648496353,1.3798953427,0.970791543945,0.871224846907
2011-04-29,0.920892561036,0.826204609734,0.762759307899,1.2411281071,0.870767328418,0.906587092739,0.390655203744,1.2453296817,0.553845686848,0.772401392356,0.975754245439,0.683605404719,0.546973266328,0.520429937108,1.21941383323,0.927907227921,0.918864809462,1.018511862,0.479099259802,0.726038784604,1.0032178572,1.03574388783,1.17718769446,0.665234017534,0.426174693351,1.321280034,1.39197210337,0.997145222936,0.826037342738
2011-05-31,0.941163250485,0.87298205973,0.755534028687,1.16906751039,0.87109846663,0.907664486106,0.394158653697,1.22422616671,0.555282581525,0.80722703773,0.879118371373,0.706198198073,0.483712496689,0.51468313445,1.25753432557,0.917716677318,0.820916610198,0.99248252922,0.467266428254,0.754125125196,0.999678583242,0.942364000646,1.19455217325,0.667288410218,0.385448824612,1.2092455887,1.39041921075,0.884082100401,0.773904055122
2011-06-30,0.955870157788,0.878997222599,0.753132474347,1.19395764244,0.864380661718,0.964720566303,0.423072906916,1.16525576018,0.591976935115,0.893771775944,0.919637768596,0.685477581129,0.451679512855,0.492430088195,1.24835913884,0.974818973082,0.836058948423,0.972759039578,0.516528532789,0.757895229861,0.97928646617,1.02220808283,1.20298316,0.665191167421,0.405864457381,1.12562053609,1.38100001624,0.859001296642,0.820121115295
2011-07-29,0.970957701878,0.906834393022,0.782646209807,1.14357369383,0.877104778132,0.970090851125,0.426345808505,1.11472903761,0.595757164717,0.951379295656,0.956625021478,0.717346040171,0.407168776045,0.535662557115,1.20923490724,0.918009546772,0.843270926185,0.948322540892,0.515567067786,0.76697882994,0.972441089978,0.980437841522,1.18172619906,0.679919818135,0.389958888852,1.0054155604,1.41391296951,0.855016689417,0.86486818949
2011-08-31,0.949277730114,0.907104337428,0.765222197793,1.07422608057,0.85262790895,0.926008899511,0.446750211106,1.08512993835,0.611653463256,1.00370345997,0.887653532436,0.844921823296,0.452283278287,0.567675556328,1.19599799817,0.880998136921,0.939207662173,0.923080715099,0.534606311944,0.826639740017,0.964495605953,0.983218358381,1.11181667356,0.729042917456,0.392375903308,1.05431238663,1.31329751768,0.749982242665,0.969069767781
2011-09-30,0.9689413413,0.93395191473,0.764119803861,1.08636112806,0.835142374536,0.96682763617,0.457018643737,1.10153006912,0.583602411241,1.02702550312,0.809720828052,0.868184003356,0.49235506002,0.592004122656,1.25892988434,0.858013244647,0.947571169714,0.954356296987,0.533988762265,0.795900660848,1.02581388268,0.978327242069,1.13321571138,0.729364179422,0.42778173477,1.03394729441,1.32527766455,0.736196714856,1.05011190605
2011-10-31,0.969129112831,0.901538101621,0.71078616365,1.08735284832,0.790457476239,1.00365106184,0.434540899969,1.06909826846,0.558256936146,0.954563318434,0.767908807622,0.908233979921,0.481245376331,0.560863874744,1.37307904453,0.864268130898,0.921564741558,1.00732459416,0.541936214649,0.786857373043,0.993267861512,0.962754478441,1.15071746256,0.708252933053,0.397721994723,1.0444615765,1.34792431599,0.717272341693,1.16280453567
2011-11-30,0.978021300089,0.896168343095,0.71650702929,1.08923204421,0.800816899584,1.00677326451,0.434094143176,1.07001671591,0.568488032611,0.956351262962,0.743770832221,0.906743968328,0.47616601291,0.556285235266,1.40729576857,0.826995343399,0.904757123552,1.05200041949,0.551483982115,0.805465627446,1.01054684091,0.98107926889,1.14690386682,0.717397154458,0.42831465788,1.04805665208,1.35318523552,0.788872978456,1.22080430478
2011-12-30,0.985224203607,0.89907776394,0.713268625322,1.07696674327,0.782171781586,1.01653476296,0.441834005782,1.05844621911,0.56415538003,0.945519781985,0.738884194877,0.896257930427,0.472980147596,0.548373625705,1.42675389232,0.815121140162,0.891179525639,1.0625811132,0.556555089748,0.782646752339,1.01034725083,1.00059616816,1.14201998111,0.702765878934,0.423267348541,1.05815568367,1.36360553748,0.815733736861,1.23642822136
2012-01-31,0.987397970967,0.896969089407,0.717734975874,1.08552736432,0.773602152699,1.01831780631,0.438475364939,1.05555007413,0.553398925461,0.935921728483,0.739262413674,0.897458029124,0.466598180722,0.552188903436,1.44376489611,0.810129413779,0.889964456229,1.07050683272,0.557664974206,0.781160515693,1.01991366639,0.997801418625,1.14976652445,0.711800832591,0.428158786066,1.06011307973,1.37969252486,0.823189014146,1.25631570633
2012-02-29,1.00760980786,0.905706759069,0.712994074542,1.07788146877,0.788848357649,1.02348184465,0.437513378992,1.0497588672,0.55327755829,0.937434047972,0.732185233917,0.905356664644,0.473341218247,0.550561359817,1.43848138856,0.814527659157,0.879546248552,1.07535101886,0.557233493522,0.769650975651,1.02852053061,1.00715081409,1.1450141085,0.706116011003,0.435009751805,1.06827460651,1.3813673746,0.824251433427,1.26845013497
2012-03-30,1.00298542801,0.893917749549,0.692346366882,1.06571308446,0.78577896322,1.01052309921,0.441661133289,1.03780295225,0.535423688494,0.92895017005,0.71186372085,0.916928401629,0.462054304121,0.540608004634,1.47128496757,0.797572207861,0.894268218941,1.07514076349,0.549031359485,0.766580678901,1.0311078122,1.01478923827,1.14216369065,0.701031839438,0.418804533673,1.06747671807,1.3907064343,0.817928355726,1.31274344319
2012-04-30,0.996688741707,0.88011659396,0.705440097445,1.07070408078,0.784761854311,1.00519378092,0.451255661878,1.05290802239,0.53448425717,0.908950535191,0.752179640488,0.904271309794,0.463541595261,0.545156967924,1.46818674711,0.799553366942,0.892275800619,1.08142662385,0.541802887998,0.767555234537,1.02253472568,1.01442410581,1.13459809967,0.684582175002,0.416766302506,1.07003092347,1.36591782298,0.804370979731,1.31931292828
2012-05-31,0.991410694628,0.8694905526,0.703970257119,1.0598735427,0.787070085009,0.999899615285,0.438691626444,1.06176168265,0.52174789573,0.909629776153,0.771760179998,0.897599694297,0.476170380491,0.547194424875,1.47217277588,0.815146753381,0.901480144849,1.06917775691,0.537762813788,0.754178927988,1.03511532435,1.01413259939,1.12375552407,0.678533168315,0.418226012355,1.08674220427,1.36940061159,0.820516829994,1.33624030554
2012-06-29,0.990651506432,0.870865340392,0.716238015673,1.06569947428,0.802568419229,0.988579182864,0.429119685704,1.06587371049,0.510782765324,0.887372561948,0.766425298802,0.904733051051,0.484343511987,0.559734711205,1.48071199466,0.811193240598,0.823487520785,1.06072875943,0.530812730864,0.727814846337,1.03967008867,1.02054242966,1.11997495689,0.666515587975,0.421244305363,1.09605601163,1.34914148033,0.839768467359,1.36621342955
2012-07-31,0.987057113787,0.872934814615,0.721194062175,1.05857010195,0.817694846124,0.989667039501,0.42251473326,1.07072260226,0.513409900529,0.882390168192,0.766046418295,0.913775999381,0.486863072089,0.558399720683,1.48783120075,0.805927760578,0.831546492804,1.05300738896,0.542665718456,0.731649145849,1.04350876989,1.02162513208,1.11924475328,0.676334773592,0.419153797143,1.09371207333,1.3562662822,0.848280397206,1.38446013592
2012-08-31,1.02229083188,0.855015570936,0.716786395319,1.08556785716,0.836275590268,1.04066926263,0.392520060692,1.06256606562,0.456075538706,0.775867603987,0.726708827988,0.901216840933,0.468085123799,0.540510032555,1.6442936213,0.771514634882,0.744865229443,1.1192132123,0.530622914892,0.642285420644,1.095503322,1.04642285748,1.1431637836,0.610426023141,0.440054687594,1.10261281322,1.43665155251,0.92992549566,1.57522335983
2012-09-28,1.00664133115,0.824916985574,0.707418272572,1.07285743815,0.842080636466,1.01430590619,0.3617220048,1.02130030341,0.45237229689,0.715041259955,0.8088070689,0.876863565838,0.442127571032,0.532993340547,1.64551566354,0.761915872703,0.681079074989,1.0919645651,0.514429906819,0.632515168279,1.04967246024,1.07315205571,1.14202242242,0.578577627224,0.418587775086,1.11221413637,1.44132419857,0.988060759807,1.6059477007
2012-10-31,1.04033721262,0.882272416946,0.77787884345,1.08430048508,0.926445987849,0.950605713571,0.39547249578,1.03467048961,0.48968013581,0.714639635302,0.881616947379,0.786600350307,0.456074274733,0.553908676151,1.56806258993,0.744091302796,0.63898072709,1.05917975529,0.518177397814,0.599301577414,1.11107610598,1.13795819538,1.12023210573,0.605265497736,0.481887617628,1.14473531634,1.43854515396,1.10295350388,1.57187905313
2012-11-30,1.04806428166,0.879901772899,0.797339672669,1.1199320471,0.965836642592,0.927583294235,0.399676317104,0.980014354533,0.503918179048,0.76533892765,1.03388656917,0.725375004952,0.471571710335,0.564953730371,1.55117720632,0.792786539021,0.629015040606,0.952362937009,0.482955075877,0.502220844758,1.13592641881,1.09354256073,1.11662755578,0.574008126246,0.461651507235,1.14929615206,1.51443522399,1.10432458307,1.59812897625
2012-12-31,1.00623935794,0.876377208671,0.810786227163,1.09770505273,1.06843527869,0.876271553527,0.40299524508,0.976536723037,0.488263390445,0.701103191861,1.21644644065,0.725197799115,0.506920763006,0.613045079734,1.43575775774,0.851182586347,0.675754810436,0.904140608183,0.439783332556,0.505448862869,1.14069866348,1.03878486206,1.09165500595,0.593846340613,0.457418413995,1.1186094624,1.45842805621,1.05086652975,1.57535459919
2013-01-31,1.0064347372,0.892512261315,0.830805626387,1.08896183515,1.08611282887,0.878497406595,0.406004933786,0.988688910465,0.540717926956,0.706272434585,1.18029288451,0.731119677279,0.53751564233,0.648154563342,1.36722231276,0.858659486636,0.659560438564,0.91290178007,0.456035481457,0.543612532086,1.13933007721,1.03820016961,1.07746698382,0.586148225626,0.493009016238,1.09301449723,1.44076687969,1.06238430739,1.4979023483
2013-02-28,1.00584286579,0.882596467746,0.838505846395,1.1010188461,1.06470844722,0.889298645136,0.392009997739,0.967783974829,0.50782238801,0.756063059481,1.18591263619,0.753878664771,0.512613598147,0.670319514955,1.37557623089,0.904069723607,0.639515989764,0.901210533561,0.468221863215,0.576478404428,1.1257984113,1.03319355514,1.0621488343,0.585835183904,0.508518443164,1.06445695071,1.42723995315,1.06807676263,1.52869960527
2013-03-28,1.01668122168,0.896675030926,0.86350936834,1.08141486185,1.06754639385,0.899648290556,0.398690439889,0.9807024391,0.518957965854,0.722907199191,1.18063220332,0.735569004504,0.556973388003,0.697001763541,1.3068171603,0.921258375079,0.690942039821,0.906639767827,0.488583119151,0.58061786494,1.11413765547,1.0701864628,1.0361698233,0.576278279347,0.553545857993,1.05507606444,1.34988985269,1.1117903574,1.45214608528
2013-04-30,0.987991586147,0.879121120623,0.799804637533,1.03917227258,1.04063986601,0.873949764117,0.344367085644,0.876180184347,0.497681636906,0.755204105505,1.17841869482,0.767857430951,0.546344518466,0.758230913704,1.31002453929,0.911844415178,0.688770283181,0.895243020875,0.491719857726,0.596581791716,1.08227969194,1.0749879581,1.05091407946,0.599284962981,0.581244099447,1.04363634073,1.35204039999,1.11502715004,1.41404624477
2013-05-31,0.978368248377,0.912045623035,0.826075915382,1.03807711812,1.06005329785,0.874578614107,0.409873602572,0.836598030078,0.570720322435,0.751546754256,1.06428677928,0.774181498543,0.537047528132,0.77130780582,1.27738232167,0.87475746238,0.689443305729,0.899735543759,0.544942553399,0.630882543546,1.06315266892,1.07366025251,1.03736337658,0.650769455429,0.625698673738,1.02600138558,1.27960891338,1.08694495627,1.40872066259
2013-06-28,0.939381880975,0.901933290503,0.835966945692,1.01219389917,0.983276000124,0.929155094644,0.464379918251,0.882697342083,0.669475486257,0.696213138485,1.04349119333,0.807377078741,0.546499343375,0.812153959484,1.23064565206,0.843513102066,0.647860654998,0.96078895041,0.601989529161,0.69522947947,1.07124214258,1.02525402607,0.991728266289,0.72530355136,0.709596597689,1.02326087803,1.20290596281,1.07005710285,1.44975467603
2013-07-31,0.976382823412,0.894018574723,0.78283972437,1.02733471125,0.923960697235,0.921662407522,0.463486460563,0.853970179334,0.676628926839,0.822631033106,1.05950246376,0.815934946309,0.567892639002,0.820115305205,1.26234503976,0.859233065202,0.791537308362,1.00293213426,0.595561561223,0.702801203478,1.03719019624,0.93753525803,1.0094250749,0.673963243522,0.754833584407,1.03088340282,1.16487007862,0.977963359523,1.50661320021
2013-08-30,0.939675551221,0.842738015584,0.751345568494,0.999248228129,0.935566155024,0.907925306331,0.48739775726,0.841883112251,0.683085465362,0.813771897107,1.04313623708,0.814959660509,0.588365470016,0.788150053138,1.26730739053,0.855186706447,0.813858510885,1.00285417907,0.613611121105,0.689753743443,1.03045335482,0.912972457478,1.00816863931,0.677447320935,0.716193317221,1.03451942512,1.1244356761,0.929462869781,1.51319423784
2013-09-30,0.931720677406,0.842693344194,0.771034912545,1.00401660564,0.908895533824,0.913648548218,0.496734693006,0.885027541625,0.712297123925,0.800663304839,0.97894953445,0.83361141568,0.596905788582,0.798070708484,1.21252917857,0.872494606073,0.876088960125,0.999342595246,0.648572837354,0.718000931745,1.03893893717,0.874565270468,1.01025269696,0.701484335026,0.745776787376,1.04489517693,1.0866535986,0.911614900696,1.50307847983
2013-10-31,0.871289644225,0.803728176735,0.775635637963,0.981827934489,0.897505779338,0.862260731479,0.49511809536,0.923151263968,0.730819332977,0.823820744161,0.874656576802,0.86361383441,0.565198525679,0.798081603516,1.22679997859,0.860736757102,0.876823687618,1.00819741064,0.661910918316,0.749914254585,1.02766161882,0.83096045079,0.936486622648,0.64632177468,0.722123940617,1.0698245602,1.04684004655,0.90400454526,1.47172443636
2013-11-29,0.793323420581,0.765281301805,0.705952778015,0.938990895275,0.868285437638,0.850012095632,0.477700458599,0.949998405642,0.649224579834,0.753912177122,0.740576102611,0.904722479154,0.535694683542,0.784720001979,1.18351206813,0.835500468053,0.802037956106,1.10753781295,0.677109788506,0.780030796889,0.984912515683,0.866445313315,0.922499027806,0.609130974586,0.708766002672,1.05373593343,0.935593625165,0.848158688022,1.40325190897
2013-12-31,0.794798036299,0.765763873474,0.729165287396,0.944784866115,0.851032313788,0.864519233609,0.475151507744,0.935218656263,0.676620321052,0.767706755636,0.654232894384,0.928972589602,0.54755647834,0.801501839868,1.18884667912,0.839017757112,0.84057823065,1.09003010738,0.715358901531,0.792294102817,1.01952926607,0.884810143185,0.94034685868,0.607746056609,0.705946360313,1.09043110966,0.956213469924,0.865383749266,1.38379663226
2014-01-31,0.794315506373,0.75009078485,0.716814690224,0.961008957621,0.796420054726,0.87694834918,0.474831461852,0.956891540667,0.59512805598,0.805324755155,0.562895005304,0.938152803964,0.536252431016,0.802508540469,1.17419583693,0.799836484724,0.904199763638,1.13055198414,0.745577838605,0.818571573174,0.99554056915,0.864297756959,0.949580309684,0.520301462581,0.641557010794,1.119204053,0.894328078282,0.846938362474,1.33844743109
2014-02-28,0.751040477304,0.768935566663,0.729056840335,0.962969966249,0.797809874324,0.908572622501,0.522015996175,1.02201401591,0.665907475042,0.787924612872,0.510638379864,0.891887319568,0.574178222207,0.781595762139,1.12882737141,0.734209380824,0.998824403117,1.18479837553,0.786673305792,0.778448725451,1.0044090241,0.829324713984,0.95038605994,0.570097255978,0.628452578832,1.13995732134,0.833506202896,0.832259517158,1.25020968186
2014-03-31,0.739638151584,0.76339901345,0.734014688831,0.968641701669,0.849486545165,0.907261699067,0.523024921788,1.02095435873,0.679763454214,0.803265969611,0.508623105513,0.895041454878,0.546049949216,0.757654677977,1.12326776268,0.737041455155,0.955187134705,1.20087541152,0.777512081546,0.781993149238,1.0111068379,0.813872333465,0.978119330008,0.592143597887,0.615534574526,1.14492339368,0.839821300004,0.804633396899,1.24036163238
2014-04-30,0.723571860563,0.73762127231,0.721922078956,0.944816730429,0.892515295,0.917278888326,0.534586382345,1.0887730925,0.673091570398,0.773025233451,0.395895115839,0.825000279408,0.493332644755,0.626095893146,1.11414843889,0.773113133482,1.01029565051,1.21571326111,0.770262227807,0.799870606394,1.03714441339,0.799758631113,0.923044479636,0.619380533401,0.564686651325,1.21493478967,0.794022570883,0.761994926229,1.27971459357
2014-05-30,0.696646765271,0.708302621029,0.715733882159,0.970916632388,0.873920627958,0.934740433094,0.549446959551,1.09892469092,0.626676230045,0.815625759218,0.473917110622,0.825585380986,0.466998803861,0.624072517469,1.12604726219,0.771472135899,1.02009298836,1.22300511679,0.736766567222,0.833806034826,1.03743789925,0.78967198745,0.911070017876,0.624407408386,0.550783066883,1.22538058869,0.808282291273,0.783263722948,1.25801230404
2014-06-30,0.654431532538,0.659874733123,0.680965249823,0.965133478173,0.908161278848,0.910940837851,0.536951083915,1.06002018289,0.554293955504,0.802764474948,0.449369442188,0.730383103764,0.410803275172,0.567125972612,1.11464264233,0.719422544123,1.07659701118,1.22607741677,0.715350242669,0.79884532401,1.05763993913,0.811693751645,0.922516419508,0.586723370455,0.456141915688,1.22616709536,0.849107938962,0.716500927296,1.19162229248
2014-07-31,0.658936032112,0.718823803728,0.703917477376,0.946731611302,0.861740804179,0.910941881526,0.523256669396,1.04327217674,0.590719678617,0.783208062741,0.520830191673,0.695097879503,0.430083738559,0.530376792171,1.1089423116,0.729118984039,1.12405729492,1.1896240074,0.74534823566,0.822596951453,1.00910974819,0.79627635324,0.882289395789,0.624105715399,0.442109540803,1.24947286251,0.867133186529,0.773649210744,1.13840142104
2014-08-29,0.70108387003,0.770313270283,0.732379135786,0.961807268192,0.812197671908,0.918619988076,0.514770221963,1.02533076948,0.604522569806,0.82145990354,0.520164881087,0.691114542908,0.427269664368,0.544688005798,1.09654754637,0.736572589382,1.10323232143,1.21049479227,0.766650497942,0.878494752782,0.994450985277,0.72103845109,0.876483098959,0.651039806568,0.420827583113,1.24554055976,0.873767836316,0.81979214803,1.11424271563
2014-09-30,0.70703743589,0.782913527545,0.717932736614,0.926299735726,0.837105338868,0.902769664011,0.515661103974,0.975055737826,0.6003664446,0.859723642,0.594853240794,0.670339056016,0.434499848829,0.518973522496,1.09235100102,0.744618565091,1.1687072833,1.21935891071,0.762399022646,0.878391277719,0.958138889828,0.716013983245,0.869970864156,0.658018405684,0.413272510286,1.25535008998,0.859079731743,0.815668272144,1.07500471117
2014-10-31,0.809558728181,0.829860302024,0.606974954356,0.929703755654,0.908370563637,1.0013108804,0.479881239283,1.00047484201,0.558417634529,0.913734799176,0.657443578157,0.610809251962,0.427488697498,0.365715231238,1.07123691717,0.799111777846,1.10109500881,1.21787418963,0.794185585202,0.812622055114,0.956491341964,0.780131552249,0.809615163191,0.797554874879,0.376109205823,1.24089622399,0.951699496104,0.956371365193,1.09873580872
2014-11-28,0.843192825811,0.85516085325,0.643151366853,0.948795917342,0.889188207858,1.01769698212,0.46078434203,0.998088951887,0.563649930208,0.914543988885,0.644343535729,0.594151824632,0.44391904722,0.357477198756,1.05775459417,0.809403701546,1.09276799647,1.1989720629,0.80285690485,0.817378055849,0.957922022145,0.800292923538,0.834567027295,0.785748435124,0.358175544471,1.23750774686,1.02424197886,0.993069587542,1.08061973343
2014-12-31,0.901329878072,0.886670260313,0.676897404461,0.945689461834,0.891586586261,0.975925146993,0.479004610293,0.977270532872,0.547606368509,0.923989017465,0.781500630258,0.548798622468,0.511493231381,0.403099118772,1.07125832504,0.782658096743,1.03911675222,1.11572235028,0.790641903419,0.791387950579,0.879530826925,0.801907063695,0.862421565081,0.762194590763,0.365648155264,1.18928578114,1.02498356101,0.976737789459,1.0819128174
2015-01-30,0.976684671877,0.911384336505,0.72168970634,0.905950568015,1.07180838085,0.959066825644,0.528060374962,0.900451260254,0.552497725521,0.993195211047,0.857890165711,0.596515944451,0.548698712599,0.386314891963,1.1757890002,0.897367324186,1.07368459083,1.03381271818,0.799784577681,0.730704497133,0.876622676992,0.834438331998,0.922481463481,0.845620954661,0.434096340973,1.13086416708,1.08486084743,1.00604895846,1.14115587866
2015-02-27,1.04116481172,0.945876305663,0.733275260352,0.87652347027,1.10333399061,0.959480311021,0.510568236581,0.891170024943,0.560176304744,0.985800873216,0.894989661409,0.618137337739,0.561681702595,0.366984792966,1.20511711413,0.940337352352,1.04142194717,0.964690529673,0.786008620479,0.768349698584,0.876747913167,0.933479713437,0.930868441793,0.806490349811,0.455913577843,1.08718688232,1.13214355398,1.03345345593,1.1682172807
2015-03-31,1.04783568866,0.938817813031,0.767177699157,0.886782324763,1.05737954081,1.00331990327,0.559694579193,0.904886378081,0.585436404121,1.04976461591,0.939776632253,0.676954662495,0.612311234792,0.418395382099,1.21528832838,0.99115124525,1.05480950089,0.961688784348,0.830359098287,0.750306597652,0.92618313229,0.95487188815,0.865809002244,0.82106088913,0.5266116874,1.05668040246,1.17303852626,1.01688908048,1.19203001023
2015-04-30,1.08076173314,1.0075345933,0.868503080226,0.950998395106,1.08735762569,1.05171175384,0.602113878877,0.897987900278,0.619796184806,1.13049164558,1.00158690141,0.757470091699,0.709901367615,0.465541819867,1.21398606348,1.0213688489,1.04112682438,0.910809861364,0.868783368679,0.745366072311,0.92527731877,0.976328484179,0.874402816914,0.821494684435,0.572923139967,1.02646051896,1.25218131535,1.07429611872,1.17660872667
2015-05-29,1.06606073588,1.01531112031,0.872051322301,0.941827133131,1.11830082653,1.04938650714,0.618026761839,0.908140036694,0.628866588298,1.13015135635,1.06312610074,0.774954444732,0.713871625134,0.468578045999,1.20903763685,1.0726818161,1.00535471016,0.910574158878,0.899305357649,0.753326436796,0.934507940096,1.00936874719,0.888716283297,0.807803641188,0.603604748062,0.984359325277,1.21041673307,1.11506897421,1.15654248829
2015-06-30,1.06774309585,0.99573342929,0.878103722456,0.940083557735,1.11577159891,1.05971878489,0.619465512976,0.918233682753,0.64352755139,1.14368664446,1.0486531191,0.815259774518,0.720955303405,0.479304518274,1.20876873555,1.07339744009,0.997858934249,0.91405344568,0.903612450803,0.751540726438,0.934552505334,1.02869032258,0.922150400938,0.838583775292,0.608057137158,0.989824557393,1.16275930352,1.1239864978,1.17111181978
2015-07-31,1.10088377331,1.00653777967,0.896715123789,0.949785968308,1.12350936884,1.06371166521,0.646358707056,0.929413758813,0.654133715869,1.15918111848,1.06607864658,0.814252292769,0.730145465018,0.509063954363,1.2068394161,1.07351086543,1.00065538064,0.903341415218,0.890845747301,0.768315392882,0.959059884106,1.00117028874,0.934731405841,0.838347444417,0.615334217619,1.00737167855,1.18767833336,1.09917670378,1.16534798899
2015-08-31,1.1668280528,1.03723145781,0.888551561738,0.974964123739,1.19719327452,0.978278479181,0.690559696362,0.986769345147,0.677495814907,1.1485257259,1.14849685979,0.800455472514,0.8130030803,0.533572083031,1.2078355384,1.03180363388,1.03012984851,0.925816352744,0.877688719342,0.832573290589,0.936522053261,1.04519274346,0.928760639865,0.926036478536,0.672366114459,0.921803883146,1.08295880062,1.07670948444,1.14634178237
2015-09-30,1.15218619981,1.02817310402,0.922224955166,1.04307578781,1.1975928291,0.961093624104,0.687326334262,0.994564494096,0.680514954944,1.13366735117,1.13979905618,0.795066759115,0.807976200087,0.526764546126,1.20612458687,1.02800983362,0.968191311178,0.928582790979,0.834435115063,0.881783543183,0.925945541399,1.02908113262,0.915210250537,0.938415572063,0.676407868017,0.913366326486,1.0677363019,1.06709100809,1.15796201645
2015-10-30,1.17613427957,1.05255984156,1.03345055112,1.06264889274,1.22784558083,0.916137935765,0.723257582167,0.967856825224,0.702500684928,1.05612262613,1.17058424548,0.831107317039,0.887617187392,0.635524007607,1.21610167366,0.990009781915,0.928397415097,0.87288831451,0.819421033155,0.929738326089,0.92537199392,1.04794392098,0.959790156076,0.963080676018,0.703531198179,0.835679001615,1.05136544037,1.00638696667,1.16936005444
2015-11-30,1.20381016705,1.079318712,1.04200755339,1.04318351326,1.22243324015,0.917920861013,0.751712544334,0.95960472149,0.705267942335,1.07311970702,1.17396151991,0.831381379829,0.89022794338,0.6324964152,1.21838611411,0.995525462773,0.964821771597,0.868088171524,0.82703681798,0.936544650005,0.914670916178,1.05567548844,0.904596738171,0.957335763859,0.72042931659,0.836819402623,1.04370704143,0.987211525429,1.17034284406
2015-12-31,1.20781604231,1.05717391541,1.01400931023,0.996688800276,1.23832624579,0.884605513899,0.726318722501,1.00574428384,0.729296191261,1.04254914291,1.14852793142,0.895582954206,0.834359181794,0.640194115178,1.2361494068,1.0014587241,0.974333852764,0.912429726629,0.823630932138,0.935299498336,0.92454663302,1.08514437932,0.858065744242,1.01264026411,0.740262612225,0.836920664076,1.04455223793,1.00495245688,1.22759106871
2016-01-29,1.21224198037,1.05032988566,0.968534882999,0.999355125361,1.2151058834,0.900611071133,0.692802003406,1.1149416273,0.73922441781,0.977432102126,1.19462882096,0.861408067507,0.805773219725,0.60484015955,1.22295272611,0.966689668614,0.919159437682,0.965454437682,0.820018625202,0.894031870916,0.898895430961,1.11081989977,0.921492759198,1.0203431338,0.709315729534,0.688675639367,1.02597914248,1.06812025217,1.24450218475
2016-02-29,1.22062497288,0.994443049595,0.93187881596,1.02115323776,1.2090386806,0.860662606236,0.641102110984,1.13138331748,0.702237457942,0.989715825308,1.16897333123,0.859891861118,0.771031809999,0.578193783739,1.26668762701,0.959601066388,0.939330984608,0.952798244457,0.7777434407,0.835509911997,0.926924516495,1.02330568164,0.874067578208,0.961095762918,0.673944732836,0.721306985467,1.06166536929,1.04896242688,1.27104188514
2016-03-31,1.25413922272,0.988798618881,0.922256303091,1.00533044168,1.21078165047,0.810438842134,0.587750464147,1.11720523527,0.674819811177,0.953351952694,1.18118336157,0.828964603625,0.740576877669,0.553023633552,1.27080361824,0.915513303633,0.909648090546,0.924495895877,0.734581206417,0.841382821635,0.857335971463,1.01513945955,0.919899950291,0.953562736166,0.631524374903,0.7014889844,1.0836959767,1.07706987362,1.25918526046
2016-04-29,1.25500428136,0.98580937637,0.895598347637,0.978028307057,1.18510836668,0.785406578219,0.596366373304,1.1086663758,0.673671137961,0.95066577328,1.17544836914,0.815568597683,0.714326008345,0.545910920198,1.29219317151,0.908163743979,0.907752499109,0.938032184786,0.723082166848,0.842610689644,0.838981170854,1.02606707282,0.924689801879,0.944084288189,0.62123914607,0.700770678692,1.08105688268,1.07236747881,1.28158005498
2016-05-31,1.2772445971,0.979872826284,0.89624925663,0.991572109319,1.19174479389,0.781637782646,0.597343294166,1.09336516644,0.685143304801,0.934482897989,1.13067343177,0.811400489282,0.712297311199,0.549823166211,1.30073521892,0.89703392482,0.898901018093,0.94491503597,0.705277790181,0.827371736678,0.839861333511,1.04714608283,0.931465140249,0.95725566913,0.615555177816,0.726911518123,1.10875584621,1.06864828128,1.30064280165
2016-06-30,1.23456821171,0.964072149775,0.929023949136,1.00814175953,1.18847681823,0.773859378669,0.559729682419,1.11966258891,0.618408037042,0.885603904926,1.10257672933,0.806197321823,0.695258888199,0.546992314226,1.34403631209,0.846574148328,0.885416837369,0.917001564097,0.665760001859,0.809592742571,0.839687090194,1.04183593698,0.920504941447,0.933332775013,0.615798221268,0.785146858767,1.15865441427,1.0745574999,1.33391977751
2016-07-29,1.22937807494,0.956686368355,0.922675670418,0.996392250813,1.21973671785,0.759043025663,0.54460632982,1.12135146526,0.61022857197,0.85901312089,1.08858782845,0.801067291554,0.683819478622,0.534512898405,1.36146375611,0.853219973722,0.882867664819,0.91770465543,0.648982889828,0.791073517791,0.835701810328,1.06342213971,0.935922246656,0.934152096397,0.607226615687,0.790583190567,1.16103015519,1.09363611589,1.36181110146
2016-08-31,1.18265837969,0.882124949526,0.934405804523,0.984649959441,1.19113832104,0.765052661847,0.483538081499,1.13092213784,0.56549023218,0.798361529556,1.03871511405,0.811785131812,0.612616888742,0.516054972155,1.3962562163,0.842277141791,0.832515431197,0.895264232847,0.597739817643,0.747694454995,0.836777544809,1.04709671184,0.951482330654,0.909829769449,0.558551989986,0.810760960158,1.23784669888,1.10384918038,1.42796461175
2016-09-30,1.23924010121,0.884611666927,0.913473792809,0.933979310083,1.17270680807,0.752256826133,0.481666331416,1.1509921507,0.563722077754,0.756033951279,1.00054541148,0.815727605061,0.578798796425,0.561865613896,1.38137398839,0.827278939199,0.828147721604,0.875432238711,0.594402733997,0.702898768957,0.844848875663,1.06127501734,0.931631320407,0.891820069284,0.553281490338,0.801795001611,1.27955702792,1.13498876371,1.44654849169
2016-10-31,1.22004696812,0.877398519696,0.888189953299,0.883175800705,1.15197500077,0.752837726148,0.462365098555,1.16541953193,0.554297171563,0.840570503865,1.00457795249,0.835279148237,0.518339521221,0.549776555843,1.39221837503,0.850516157593,0.850638192791,0.872069024267,0.571444201559,0.663900634081,0.836526937907,1.05015569508,0.934999185128,0.855528457679,0.555376572909,0.818925163182,1.29064497762,1.14544821525,1.46527655334
2016-11-30,1.17342719402,0.825396454749,0.881820646406,0.900020946696,1.16376193497,0.747235256965,0.436203265784,1.19023037227,0.551048142485,0.813419518932,0.990330415047,0.840421225606,0.506663978486,0.548910336888,1.40034358343,0.852601712622,0.819554505527,0.879867682895,0.559113904292,0.647508648531,0.852016228792,1.04768636168,0.982490988061,0.867073413773,0.544172754595,0.819949517545,1.28517476413,1.16791102433,1.48567359752
2016-12-01,1.17722935728,0.827633616408,0.884447214329,0.897678992962,1.16694223303,0.745845111066,0.432168481121,1.18911477945,0.552797899233,0.81060841038,0.992553681501,0.840859248853,0.507106587911,0.5465141134,1.40013678402,0.852119418121,0.817036110641,0.877558217759,0.556890488978,0.648135629201,0.851033096447,1.04813654709,0.9845226273,0.863611993202,0.541825413225,0.820250062394,1.29146189827,1.17149084664,1.48775249525
